{
    "name": "root",
    "gauges": {
        "2_airhockey_Airhockey.Policy.Entropy.mean": {
            "value": 1.4221736192703247,
            "min": 1.4122779369354248,
            "max": 1.4221738576889038,
            "count": 500
        },
        "2_airhockey_Airhockey.Policy.ExtrinsicValueEstimate.mean": {
            "value": -0.16519862413406372,
            "min": -0.16735321283340454,
            "max": 0.022779768332839012,
            "count": 500
        },
        "2_airhockey_Airhockey.Policy.CuriosityValueEstimate.mean": {
            "value": 0.005119521636515856,
            "min": 0.0034648545552045107,
            "max": 0.09044364094734192,
            "count": 500
        },
        "2_airhockey_Airhockey.IsTraining.mean": {
            "value": 1.0,
            "min": 1.0,
            "max": 1.0,
            "count": 500
        },
        "2_airhockey_Airhockey.Environment.EpisodeLength.mean": {
            "value": 599.0,
            "min": 599.0,
            "max": 599.0,
            "count": 52
        },
        "2_airhockey_Airhockey.Environment.CumulativeReward.mean": {
            "value": -1.0000000894069672,
            "min": -1.0000000894069672,
            "max": -1.0000000894069672,
            "count": 73
        },
        "2_airhockey_Airhockey.Policy.ExtrinsicReward.mean": {
            "value": -1.0000000894069672,
            "min": -1.0000000894069672,
            "max": -1.0000000894069672,
            "count": 73
        },
        "2_airhockey_Airhockey.Policy.CuriosityReward.mean": {
            "value": 0.017355984453590483,
            "min": 0.0,
            "max": 0.5344957364723086,
            "count": 73
        },
        "2_airhockey_Airhockey.Losses.ValueLoss.mean": {
            "value": 1.3882024632039247e-06,
            "min": 1.1203860594832804e-06,
            "max": 0.0004668261972256005,
            "count": 46
        },
        "2_airhockey_Airhockey.Losses.PolicyLoss.mean": {
            "value": 0.019297432154417038,
            "min": 0.017198866233229637,
            "max": 0.0316459946334362,
            "count": 46
        },
        "2_airhockey_Airhockey.Policy.LearningRate.mean": {
            "value": 5.625693120236974e-06,
            "min": 5.625693120236974e-06,
            "max": 0.0002936256059911102,
            "count": 46
        },
        "2_airhockey_Airhockey.Losses.CuriosityForwardLoss.mean": {
            "value": 0.002460215473547578,
            "min": 0.002373007358983159,
            "max": 0.1166488379240036,
            "count": 46
        },
        "2_airhockey_Airhockey.Losses.CuriosityInverseLoss.mean": {
            "value": 0.050407879054546356,
            "min": 0.021723343059420586,
            "max": 0.22535990178585052,
            "count": 46
        }
    },
    "metadata": {
        "timer_format_version": "0.1.0",
        "start_time_seconds": "1591121753",
        "python_version": "3.6.5 (v3.6.5:f59c0932b4, Mar 28 2018, 17:00:18) [MSC v.1900 64 bit (AMD64)]",
        "command_line_arguments": "C:\\Users\\Seppi\\AppData\\Local\\Programs\\Python\\Python36\\Scripts\\mlagents-learn trainer_config.yaml --run-id=2_airhockey --time-scale=75",
        "mlagents_version": "0.16.1",
        "mlagents_envs_version": "0.16.1",
        "communication_protocol_version": "1.0.0",
        "tensorflow_version": "1.7.1",
        "end_time_seconds": "1591122470"
    },
    "total": 716.4440632,
    "count": 1,
    "self": 0.2435969999999088,
    "children": {
        "run_training.setup": {
            "total": 0.0060498,
            "count": 1,
            "self": 0.0060498
        },
        "TrainerController.start_learning": {
            "total": 716.1944164,
            "count": 1,
            "self": 26.523447799999758,
            "children": {
                "TrainerController._reset_env": {
                    "total": 32.8537048,
                    "count": 1,
                    "self": 32.8537048
                },
                "TrainerController.advance": {
                    "total": 656.4481993000003,
                    "count": 31272,
                    "self": 0.5796814999966955,
                    "children": {
                        "env_step": {
                            "total": 655.8685178000036,
                            "count": 31272,
                            "self": 617.8738240000121,
                            "children": {
                                "SubprocessEnvManager._take_step": {
                                    "total": 37.380915199993815,
                                    "count": 31272,
                                    "self": 1.6719503999984582,
                                    "children": {
                                        "NNPolicy.evaluate": {
                                            "total": 35.70896479999536,
                                            "count": 31272,
                                            "self": 35.70896479999536
                                        }
                                    }
                                },
                                "workers": {
                                    "total": 0.6137785999976586,
                                    "count": 31272,
                                    "self": 0.0,
                                    "children": {
                                        "worker_root": {
                                            "total": 681.0676040000012,
                                            "count": 31272,
                                            "is_parallel": true,
                                            "self": 160.767321000003,
                                            "children": {
                                                "steps_from_proto": {
                                                    "total": 0.0023899000000000004,
                                                    "count": 1,
                                                    "is_parallel": true,
                                                    "self": 0.0004980000000000006,
                                                    "children": {
                                                        "_process_vector_observation": {
                                                            "total": 0.0018918999999999997,
                                                            "count": 4,
                                                            "is_parallel": true,
                                                            "self": 0.0018918999999999997
                                                        }
                                                    }
                                                },
                                                "UnityEnvironment.step": {
                                                    "total": 520.2978930999982,
                                                    "count": 31272,
                                                    "is_parallel": true,
                                                    "self": 13.981101400002615,
                                                    "children": {
                                                        "UnityEnvironment._generate_step_input": {
                                                            "total": 6.358314399997565,
                                                            "count": 31272,
                                                            "is_parallel": true,
                                                            "self": 6.358314399997565
                                                        },
                                                        "communicator.exchange": {
                                                            "total": 443.0786117000025,
                                                            "count": 31272,