{"count":1,"self":1633.1974656,"total":7502.8621669999993,"children":{"AgentSendState":{"count":1562634,"self":191.4674176,"total":1965.2250984,"children":{"CollectObservations":{"count":5000432,"self":43.0634912,"total":43.0634899,"children":null},"CollectDiscreteActionMasks":{"count":5000432,"self":21.833672,"total":21.8336716,"children":null},"AgentInfo.ToProto":{"count":5000432,"self":70.664576,"total":1708.8605211,"children":{"GenerateSensorData":{"count":5000432,"self":262.65272319999997,"total":1638.1959451999999,"children":{"RayPerceptionSensor.Perceive":{"count":5000432,"self":1375.5431936,"total":1375.5432263999999,"children":null}}}}}}},"DecideAction":{"count":1562634,"self":3850.2744064,"total":3850.2744221,"children":null},"AgentAct":{"count":1562634,"self":29.8812672,"total":31.229416699999998,"children":{"AgentInfo.ToProto":{"count":3222,"self":0.0734919,"total":1.3481486,"children":{"GenerateSensorData":{"count":3222,"self":0.20028179999999998,"total":1.2746567,"children":{"RayPerceptionSensor.Perceive":{"count":3222,"self":1.0743749,"total":1.0743749,"children":null}}}}}}},"AgentInfo.ToProto":{"count":50899,"self":1.3952342,"total":22.9347648,"children":{"GenerateSensorData":{"count":50899,"self":3.7897415999999997,"total":21.5395306,"children":{"RayPerceptionSensor.Perceive":{"count":50899,"self":17.749788799999997,"total":17.7497892,"children":null}}}}}},"gauges":{"Airhockey.CumulativeReward":{"count":54121,"max":0.965000033,"min":-0.9999696,"runningAverage":0.786550164,"value":0.89766705,"weightedAverage":0.6958581}},"metadata":{"timer_format_version":"0.1.0","start_time_seconds":"1591122704","unity_version":"2019.3.14f1","command_line_arguments":"C:\\Program Files\\Unity\\Hub\\Editor\\2019.3.14f1\\Editor\\Unity.exe -projectpath C:\/Users\/Seppi\/Documents\/A.I. AirHockey ML-Agents -useHub -hubIPC -cloudEnvironment production -hubSessionId 50da38e0-a4c6-11ea-a768-21926341a4b2 -accessToken VZb3BqpT53TVYjjFiefSP14syn9z23muWRugJjmO6Mk008f","communication_protocol_version":"1.0.0","com.unity.ml-agents_version":"1.0.2-preview","scene_name":"SampleScene","end_time_seconds":"1591130207"}}